scene,view,lpips,psnr,ssim,avg_sigma,u_hist
Hotdog,3,0.09121,29.70613,0.939834,0.032806583,"[1.0519597708480433e-05, 5.6104523537214845e-05, 0.00013324823521543294, 0.0005540321581065655, 0.038038864731788635, 0.09373312443494797, 0.11190398037433624, 0.14355744421482086, 0.13898493349552155, 0.13219277560710907, 0.11915197968482971, 0.09685394167900085, 0.07555175572633743, 0.021449459716677666, 0.0024580794852226973, 0.0017707990482449532, 0.001371054328046739, 0.0011220904998481274, 0.000999361858703196, 0.0009081919561140239, 0.01919826678931713]"
Hotdog,5,0.094387,29.47478,0.937128,0.025932031,"[0.0003601567295845598, 0.018079247325658798, 0.02543451637029648, 0.05638626217842102, 0.07812917232513428, 0.09718021750450134, 0.11330344527959824, 0.12594307959079742, 0.1261449009180069, 0.13313689827919006, 0.1339658796787262, 0.06568513810634613, 0.0024807346053421497, 0.0018628796096891165, 0.0016113908495754004, 0.0014934084611013532, 0.0015306661371141672, 0.0015089325606822968, 0.0009749070159159601, 0.0007824094500392675, 0.01400575041770935]"
Hotdog,10,0.08674,30.21244,0.94477,0.045219075,"[1.802629958547186e-05, 4.5065749873174354e-05, 7.661177369300276e-05, 0.00014871697931084782, 0.0004686838074121624, 0.02368205226957798, 0.09877060353755951, 0.1157243400812149, 0.1597355604171753, 0.1529666781425476, 0.13832932710647583, 0.12028950452804565, 0.08968084305524826, 0.06099649518728256, 0.016259722411632538, 0.001000459655188024, 0.0009779267711564898, 0.000847236136905849, 0.0007480914937332273, 0.0006174008012749255, 0.018616661429405212]"
Hotdog,15,0.09178,29.61387,0.939343,0.055536725,"[0.00011162660666741431, 0.0002511598577257246, 0.0005023197154514492, 0.0012976593570783734, 0.0023022987879812717, 0.00971151515841484, 0.07423867285251617, 0.12810549139976501, 0.16389577090740204, 0.1585167646408081, 0.13903792202472687, 0.11555446684360504, 0.09585237503051758, 0.0611504502594471, 0.016841664910316467, 0.002658108714967966, 0.0010255695087835193, 0.0005790630239062011, 0.0005790630239062011, 0.00040464644553139806, 0.02738340198993683]"
Hotdog,22,0.08868,29.9853,0.942041,0.041557297,"[4.767146674566902e-05, 5.6339005823247135e-05, 0.00012567931844387203, 0.0002556924009695649, 0.0005937264068052173, 0.0018418520921841264, 0.08373276144266129, 0.11767484247684479, 0.1560460478067398, 0.16491727530956268, 0.13981173932552338, 0.12302272021770477, 0.09502223134040833, 0.06837821751832962, 0.026288647204637527, 0.0022665616124868393, 0.0013824724592268467, 0.0009534293203614652, 0.0006500654271803796, 0.0007237395038828254, 0.01620829850435257]"
Hotdog,23,0.083329,30.82447,0.948219,0.048238389,"[5.256241638562642e-05, 0.0001010815758490935, 0.00012938441068399698, 0.0002749418781604618, 0.0010997675126418471, 0.033437784761190414, 0.0713069811463356, 0.10861821472644806, 0.14010310173034668, 0.15834225714206696, 0.1570160686969757, 0.12088143080472946, 0.12323460727930069, 0.05643181875348091, 0.0010916809551417828, 0.0007682199357077479, 0.0006509653176181018, 0.0005660568131133914, 0.0005134943639859557, 0.0004811482795048505, 0.024898413568735123]"
Hotdog,31,0.094247,29.40155,0.936857,0.02755638,"[6.460344593506306e-05, 0.007245276588946581, 0.04190502688288689, 0.0541861429810524, 0.09602010250091553, 0.11138280481100082, 0.12339581549167633, 0.12252043932676315, 0.1258830428123474, 0.1100229024887085, 0.10967404395341873, 0.07026916742324829, 0.004800036083906889, 0.0014535775408148766, 0.0012565370416268706, 0.0010498060146346688, 0.0008721465710550547, 0.0009270595037378371, 0.0008269241079688072, 0.0008559956913813949, 0.015388540923595428]"
Hotdog,38,0.087379,30.20037,0.944566,0.028104229,"[0.0003300530952401459, 0.024286139756441116, 0.053555119782686234, 0.0655716136097908, 0.09885571151971817, 0.11163485050201416, 0.12101732939481735, 0.12022264301776886, 0.11937668174505234, 0.09842311590909958, 0.09282823652029037, 0.062344785779714584, 0.007113765925168991, 0.001381095964461565, 0.0011151308426633477, 0.0009324800921604037, 0.0009068449144251645, 0.0007530337898060679, 0.0008171217632479966, 0.000833143712952733, 0.017701100558042526]"
Hotdog,41,0.093175,29.55927,0.938013,0.024131674,"[0.003696504747495055, 0.02326025627553463, 0.03204561397433281, 0.0650523230433464, 0.08213325589895248, 0.09957767277956009, 0.1156235858798027, 0.12717516720294952, 0.12212327122688293, 0.13016009330749512, 0.12332771718502045, 0.049856606870889664, 0.0023318782914429903, 0.0018266893457621336, 0.0016695879166945815, 0.0015063256723806262, 0.001321500400081277, 0.001306098303757608, 0.0010288604535162449, 0.0007885876693762839, 0.014188417233526707]"
Hotdog,47,0.092096,29.64011,0.938169,0.038262066,"[7.880593329900876e-06, 1.1820889994851314e-05, 5.122385482536629e-05, 0.00012214919843245298, 0.0003428058116696775, 0.012687754817306995, 0.09594228118658066, 0.11076568067073822, 0.1574660688638687, 0.15145711600780487, 0.14570823311805725, 0.12558513879776, 0.09308556467294693, 0.0729900524020195, 0.012171576730906963, 0.0013199993409216404, 0.0010796412825584412, 0.0008786861435510218, 0.0007092534215189517, 0.000811701116617769, 0.016805365681648254]"
Hotdog,49,0.087231,30.18569,0.944744,0.04295364,"[3.9244583604158834e-05, 5.668662197422236e-05, 0.00013953630696050823, 0.00015261783846653998, 0.0005058191018179059, 0.001691877725534141, 0.08572325855493546, 0.11513052880764008, 0.15983010828495026, 0.1617705374956131, 0.14176452159881592, 0.12287043780088425, 0.096345454454422, 0.0667157918214798, 0.025753168389201164, 0.0016264700097963214, 0.0010508827399462461, 0.0008546598837710917, 0.0008502993732690811, 0.0007630891632288694, 0.016364991664886475]"
Hotdog,53,0.089623,30.14297,0.94096,0.050206579,"[8.757455361774191e-05, 0.00018436748359818012, 0.0003134247090201825, 0.0005024013807997108, 0.0017607094487175345, 0.023110464215278625, 0.07594557106494904, 0.10694235563278198, 0.1360217183828354, 0.15172061324119568, 0.14506033062934875, 0.161459818482399, 0.14191226661205292, 0.02890421263873577, 0.0017791461432352662, 0.0009172282298095524, 0.0007098147762008011, 0.0005531024653464556, 0.0004424819489941001, 0.0003779533435590565, 0.021294444799423218]"
Hotdog,54,0.091553,29.82855,0.94015,0.054078873,"[0.001367072924040258, 0.0018365726573392749, 0.002326785586774349, 0.003597196890041232, 0.004625953733921051, 0.011682258918881416, 0.03532295301556587, 0.13840577006340027, 0.1410708725452423, 0.1622881144285202, 0.15927089750766754, 0.1252114474773407, 0.08850761502981186, 0.05344702675938606, 0.016977939754724503, 0.005709945689886808, 0.003065557451918721, 0.002022991655394435, 0.0016225359868258238, 0.0012980287428945303, 0.040342457592487335]"
Hotdog,70,0.092275,29.59786,0.939487,0.04499761,"[0.00010635639046085998, 0.0002605731424409896, 0.0006009135977365077, 0.0011114242952317, 0.0019303684821352363, 0.005025339312851429, 0.0775497630238533, 0.13648183643817902, 0.14139018952846527, 0.16669237613677979, 0.1435970813035965, 0.12215562909841537, 0.09917201846837997, 0.05655501037836075, 0.014655910432338715, 0.0035895281471312046, 0.0019250506302341819, 0.0014624003088101745, 0.0011326955864205956, 0.0008348976843990386, 0.02377065271139145]"
Hotdog,79,0.091027,29.84066,0.939067,0.062516421,"[0.0016039462061598897, 0.0021439683623611927, 0.002901611151173711, 0.0036270141135901213, 0.005222900304943323, 0.016434403136372566, 0.0401550754904747, 0.11599190533161163, 0.15976594388484955, 0.15723508596420288, 0.15968534350395203, 0.1189579963684082, 0.07742466032505035, 0.04391910880804062, 0.016361862421035767, 0.006641465704888105, 0.0034255131613463163, 0.002563089830800891, 0.0019102273508906364, 0.0015394659712910652, 0.06248942017555237]"
Hotdog,89,0.086149,30.55908,0.94631,0.053640783,"[6.331517943181098e-05, 0.00018020474817603827, 0.00027761273668147624, 0.000526003073900938, 0.0013978044735267758, 0.028248311951756477, 0.06848754733800888, 0.10546848177909851, 0.14097368717193604, 0.15430396795272827, 0.15708009898662567, 0.13002502918243408, 0.09726186096668243, 0.0787786990404129, 0.0076173036359250546, 0.0007354302215389907, 0.0006964670028537512, 0.0004870398552156985, 0.00042859508539550006, 0.00027761273668147624, 0.026684913784265518]"
Hotdog,91,0.088149,30.29229,0.944917,0.054263879,"[5.98593833274208e-05, 4.353409894974902e-05, 0.00016869463433977216, 0.0002829716249834746, 0.0021603796631097794, 0.04426329582929611, 0.07178228348493576, 0.12178120017051697, 0.15286998450756073, 0.14661739766597748, 0.14480529725551605, 0.1237783208489418, 0.09010469913482666, 0.060561373829841614, 0.011460351757705212, 0.000963191909249872, 0.0006856620311737061, 0.0005768268019892275, 0.0005713850259780884, 0.00039724865928292274, 0.026066040620207787]"
Hotdog,93,0.087573,30.07393,0.944108,0.04595631,"[2.354980279051233e-05, 3.767968519241549e-05, 4.2389645386720076e-05, 0.00012245897960383445, 0.00025904783979058266, 0.0016296464018523693, 0.08740744739770889, 0.11204995959997177, 0.16182482242584229, 0.15966296195983887, 0.14271651208400726, 0.12372595816850662, 0.1003221645951271, 0.0630616620182991, 0.023893630132079124, 0.000998511677607894, 0.0007959833601489663, 0.0006876542465761304, 0.0008054032805375755, 0.0007865634397603571, 0.019145989790558815]"
Hotdog,97,0.089845,30.37834,0.942685,0.07098183,"[0.0006127332453615963, 0.0008384770480915904, 0.0014254109701141715, 0.0019671961199492216, 0.004114987328648567, 0.01963326334953308, 0.05806131288409233, 0.11552923917770386, 0.1536089926958084, 0.16004592180252075, 0.14930051565170288, 0.12479763478040695, 0.09355469048023224, 0.03325529024004936, 0.006320827174931765, 0.0029927182476967573, 0.0020445941481739283, 0.0013286636676639318, 0.0011222693137824535, 0.0007094806060194969, 0.068735770881176]"
Hotdog,98,0.09381,29.39159,0.937446,0.040003929,"[1.903666816360783e-05, 8.756867464398965e-05, 0.001073668128810823, 0.03612017631530762, 0.0564437210559845, 0.10364323854446411, 0.12042596191167831, 0.13188603520393372, 0.1362035572528839, 0.12486912310123444, 0.11562111228704453, 0.10566112399101257, 0.043015256524086, 0.0014848600840196013, 0.0011003194376826286, 0.0009366041049361229, 0.0008299987530335784, 0.0008718793978914618, 0.0006738980882801116, 0.0008109620539471507, 0.0182218998670578]"
Chair,3,0.087799296,27.42555809,0.933627129,0.06520202,"[0.00038490406586788595, 0.0007569779991172254, 0.005966012831777334, 0.008108645677566528, 0.015774652361869812, 0.029996857047080994, 0.07662798464298248, 0.08480719476938248, 0.11341840028762817, 0.1405348926782608, 0.1700313687324524, 0.15534086525440216, 0.09312754124403, 0.022157642990350723, 0.004355831071734428, 0.0023799901828169823, 0.0024698011111468077, 0.0012894285609945655, 0.001064901240170002, 0.0009686752455309033, 0.07043744623661041]"
Chair,5,0.091619797,26.78878784,0.928632081,0.089452557,"[5.036388029111549e-05, 0.0001385006617056206, 0.0004532749007921666, 0.003978746477514505, 0.008895520120859146, 0.006352144293487072, 0.13449044525623322, 0.13999898731708527, 0.12176726758480072, 0.13963384926319122, 0.16987106204032898, 0.09745410829782486, 0.01632419228553772, 0.008083402179181576, 0.00557150412350893, 0.00438165757805109, 0.0035002895165234804, 0.0030470145866274834, 0.0026944675482809544, 0.0023419202771037817, 0.1309712678194046]"
Chair,10,0.08888565,27.13636971,0.930932224,0.060741041,"[0.00015115062706172466, 0.00016374651750084013, 0.00042196217691525817, 0.00110214005690068, 0.015455151908099651, 0.02226322889328003, 0.06103966385126114, 0.12680909037590027, 0.10642264038324356, 0.14391429722309113, 0.1650627851486206, 0.16789686679840088, 0.10709652304649353, 0.01272184494882822, 0.0023995162919163704, 0.0016752529190853238, 0.0049186935648322105, 0.0011147359618917108, 0.0007494552410207689, 0.0007746469927951694, 0.05784660577774048]"
Chair,15,0.091155775,26.8448143,0.928972423,0.025597116,"[0.001950715552084148, 0.024025414139032364, 0.10747440159320831, 0.1582469791173935, 0.1366734504699707, 0.12107543647289276, 0.122301384806633, 0.06266962736845016, 0.03774210438132286, 0.02798081748187542, 0.02349339984357357, 0.0192758459597826, 0.015428386628627777, 0.01322322990745306, 0.0103935357183218, 0.009113619104027748, 0.007617814000695944, 0.006160560064017773, 0.00515821622684598, 0.004610782023519278, 0.08538428694009781]"
Chair,22,0.091582336,26.86008072,0.929215908,0.023558598,"[0.051273852586746216, 0.13122190535068512, 0.10546508431434631, 0.08682852238416672, 0.09394878149032593, 0.10094248503446579, 0.11195257306098938, 0.12059146910905838, 0.05570320039987564, 0.029686614871025085, 0.02005528286099434, 0.014207213185727596, 0.009511440061032772, 0.007093615829944611, 0.004729077219963074, 0.0037766010500490665, 0.002757518319413066, 0.002257967833429575, 0.0014187231427058578, 0.0012855096720159054, 0.04529257118701935]"
Chair,23,0.086313933,27.49477005,0.934823453,0.079181515,"[0.0006733216578140855, 0.0010871982667595148, 0.005330977961421013, 0.00866669975221157, 0.01336759701371193, 0.028267154470086098, 0.06954362243413925, 0.08806923776865005, 0.11907291412353516, 0.1432260125875473, 0.16157248616218567, 0.15722987055778503, 0.08444935828447342, 0.00880877673625946, 0.004274665843695402, 0.002458550501614809, 0.00190259690862149, 0.0014393022283911705, 0.0011860344093292952, 0.0010686664609238505, 0.09830495715141296]"
Chair,31,0.08707542,27.29955101,0.932275295,0.083129205,"[0.00010593946353765205, 0.00016202506958507001, 0.00038636746467091143, 0.0007602714467793703, 0.0016389458905905485, 0.012245356105268002, 0.07928634434938431, 0.12031607329845428, 0.12140662968158722, 0.1014152243733406, 0.14490026235580444, 0.22395603358745575, 0.06397497653961182, 0.025082726031541824, 0.004835824947804213, 0.002660950180143118, 0.0019443007186055183, 0.001807202585041523, 0.0015953236725181341, 0.0012214196613058448, 0.09029781818389893]"
Chair,38,0.088466033,27.1480484,0.932854116,0.058376014,"[2.084476909658406e-05, 0.0003543610800988972, 0.00323788751848042, 0.010894865728914738, 0.07328326255083084, 0.17913994193077087, 0.10468243062496185, 0.11626517027616501, 0.13367749750614166, 0.1460801362991333, 0.079349085688591, 0.019733047112822533, 0.011172796599566936, 0.007260927930474281, 0.004961055237799883, 0.003717317245900631, 0.003140611806884408, 0.0026055960915982723, 0.0021887007169425488, 0.0021887007169425488, 0.09604574739933014]"
Chair,41,0.090690762,26.96199226,0.930586994,0.050969049,"[2.269426295242738e-05, 5.673565829056315e-05, 0.0006921750027686357, 0.003336056601256132, 0.09432870149612427, 0.1631830930709839, 0.11793641000986099, 0.10359930992126465, 0.12447235733270645, 0.151376411318779, 0.09117420017719269, 0.027635939419269562, 0.011296069249510765, 0.007392656058073044, 0.005599809344857931, 0.004782815929502249, 0.003801289014518261, 0.0034778958652168512, 0.0027913942467421293, 0.002910539275035262, 0.08013344556093216]"
Chair,47,0.088924102,27.09494781,0.931350172,0.043177728,"[4.28511957579758e-05, 0.00027547197532840073, 0.0017813853919506073, 0.03684590756893158, 0.18560689687728882, 0.11505546420812607, 0.10041259229183197, 0.11438208818435669, 0.13050025701522827, 0.16118784248828888, 0.04894218593835831, 0.01710987091064453, 0.009090575389564037, 0.005589020438492298, 0.003979039844125509, 0.0029628542251884937, 0.002350694267079234, 0.0021364381536841393, 0.0020201278384774923, 0.0015793726779520512, 0.0581490732729435]"
Chair,49,0.088682324,27.02106094,0.930053174,0.074189022,"[0.0001248314802069217, 0.0005326143000274897, 0.0015062998281791806, 0.0026214609388262033, 0.005850435234606266, 0.023035569116473198, 0.04386578127741814, 0.1112331673502922, 0.2426474243402481, 0.17398178577423096, 0.1125979945063591, 0.04057855159044266, 0.018433447927236557, 0.012599657289683819, 0.00922088511288166, 0.007556465454399586, 0.006075131706893444, 0.005176345352083445, 0.004535543732345104, 0.004119438584893942, 0.17370715737342834]"
Chair,53,0.088885419,27.1836071,0.930671036,0.055880111,"[0.00019128470739815384, 0.0009746411233209074, 0.005055381450802088, 0.017170079052448273, 0.06036398932337761, 0.2254335731267929, 0.141641765832901, 0.1577005684375763, 0.10931465774774551, 0.03712745010852814, 0.024429788812994957, 0.017470669001340866, 0.01303468644618988, 0.010648181661963463, 0.009145230986177921, 0.007532973773777485, 0.0060755666345357895, 0.005164687056094408, 0.0046363770961761475, 0.004873205441981554, 0.1420152336359024]"
Chair,54,0.089829102,27.11569214,0.930090487,0.059833232,"[0.0005262373015284538, 0.006358700804412365, 0.04775603488087654, 0.14653077721595764, 0.11614934355020523, 0.15252111852169037, 0.1760263890028, 0.07045440375804901, 0.037134815007448196, 0.025303244590759277, 0.018304288387298584, 0.014094389043748379, 0.011296560987830162, 0.009647684171795845, 0.007656753063201904, 0.006604278460144997, 0.005464097484946251, 0.005341308657079935, 0.004323916509747505, 0.004087109584361315, 0.1344185471534729]"
Chair,70,0.087646253,27.08973122,0.931308866,0.124673657,"[0.00020405802933964878, 0.00023806770332157612, 0.00040811605867929757, 0.0013603868428617716, 0.006060523446649313, 0.004312426317483187, 0.06311514973640442, 0.13150860369205475, 0.11878897994756699, 0.1547304093837738, 0.17966629564762115, 0.11148370802402496, 0.024827061221003532, 0.009284640662372112, 0.0043804459273815155, 0.0035234021488577127, 0.0029588413890451193, 0.0026799621991813183, 0.002142609329894185, 0.0017753049032762647, 0.17655101418495178]"
Chair,79,0.091528088,26.96248055,0.928468227,0.057318427,"[0.0012777652591466904, 0.03227362036705017, 0.10885917395353317, 0.12023048102855682, 0.13328136503696442, 0.1752868890762329, 0.1190330758690834, 0.044448550790548325, 0.028649264946579933, 0.019166478887200356, 0.01479475386440754, 0.01088913157582283, 0.008188948966562748, 0.00625221012160182, 0.0051833875477313995, 0.004701212048530579, 0.003833295777440071, 0.010527499951422215, 0.03011990152299404, 0.006388826295733452, 0.11661416292190552]"
Chair,89,0.089014888,27.28450775,0.931309819,0.060281001,"[0.00029218796407803893, 0.0005511727649718523, 0.0037054745480418205, 0.009469546377658844, 0.015187133103609085, 0.029723484069108963, 0.0764005109667778, 0.08494700491428375, 0.10887321829795837, 0.13902169466018677, 0.1729487031698227, 0.16467447578907013, 0.09569819271564484, 0.022372299805283546, 0.003320317715406418, 0.0022578160278499126, 0.0038382872007787228, 0.0025632851757109165, 0.00100937660317868, 0.0010226578451693058, 0.062123142182826996]"
Chair,91,0.084696651,27.66893768,0.934659302,0.10647434,"[0.0006522001349367201, 0.0011909741442650557, 0.002233076374977827, 0.0035941896494477987, 0.01254776306450367, 0.023698966950178146, 0.05183573067188263, 0.10580529272556305, 0.17661862075328827, 0.1937955915927887, 0.11677926778793335, 0.0822906419634819, 0.023309065029025078, 0.008627473376691341, 0.005798909813165665, 0.006961527280509472, 0.0036012788768857718, 0.0028214743360877037, 0.0022543438244611025, 0.001984956907108426, 0.17359866201877594]"
Chair,93,0.086776271,27.48728943,0.933282614,0.112129956,"[7.565155101474375e-05, 0.000416083523305133, 0.001134773250669241, 0.002617543563246727, 0.006316904444247484, 0.015289178118109703, 0.05983281135559082, 0.2321443408727646, 0.14230813086032867, 0.1582479029893875, 0.12891779839992523, 0.018852366134524345, 0.009721224196255207, 0.005878125317394733, 0.004402920138090849, 0.0035177969839423895, 0.00311684375628829, 0.0030563226900994778, 0.0028142377268522978, 0.0023981539998203516, 0.19894087314605713]"
Chair,97,0.091114573,26.86670685,0.929315269,0.025028007,"[0.015058987773954868, 0.09600672125816345, 0.10723663866519928, 0.10375566780567169, 0.10724420845508575, 0.11214783787727356, 0.11528827995061874, 0.08871181309223175, 0.04578235000371933, 0.030556879937648773, 0.024427343159914017, 0.01897129788994789, 0.015452488325536251, 0.01259960513561964, 0.010026712901890278, 0.007764081005007029, 0.006628981325775385, 0.0054257758893072605, 0.004623638931661844, 0.003783665131777525, 0.06850703805685043]"
Chair,98,0.085286252,27.53052139,0.935402811,0.145024732,"[0.0011653966503217816, 0.006813088431954384, 0.21426117420196533, 0.403780072927475, 0.10366801172494888, 0.009457642212510109, 0.006260272115468979, 0.005094875115901232, 0.0041386522352695465, 0.0031600180082023144, 0.003309427760541439, 0.0032197819091379642, 0.003018078627064824, 0.0028611982706934214, 0.002689376939088106, 0.0027939637657254934, 0.0028985508251935244, 0.002577319508418441, 0.0026445540133863688, 0.0024054981768131256, 0.21378305554389954]"
Drums,3,0.200654596,18.48758888,0.832069755,0.144643381,"[0.01218372955918312, 0.6011472940444946, 0.06228701397776604, 0.02787609212100506, 0.019757991656661034, 0.01606954075396061, 0.013582796789705753, 0.012416176497936249, 0.011767079122364521, 0.010310996323823929, 0.008144414983689785, 0.007859339006245136, 0.007916354574263096, 0.00822335947304964, 0.007841795682907104, 0.008451420813798904, 0.008986487053334713, 0.009039117023348808, 0.010104863904416561, 0.010903078131377697, 0.1251310259103775]"
Drums,5,0.208803102,18.11421585,0.825054467,0.104311317,"[0.49188318848609924, 0.16010692715644836, 0.03266147896647453, 0.028850512579083443, 0.021936193108558655, 0.012015650980174541, 0.01004079170525074, 0.009832669049501419, 0.00888917688280344, 0.008847552351653576, 0.00909267459064722, 0.012117399834096432, 0.0073860641568899155, 0.006067949812859297, 0.007543312851339579, 0.0055268295109272, 0.0052169570699334145, 0.005855201743543148, 0.005605453625321388, 0.00539733050391078, 0.14512667059898376]"
Drums,10,0.203894645,18.20161247,0.828009188,0.092257753,"[0.0327959768474102, 0.11799725890159607, 0.39788880944252014, 0.1361371874809265, 0.032511577010154724, 0.016480937600135803, 0.01182152982801199, 0.010570173151791096, 0.009574775584042072, 0.00841347873210907, 0.007754620164632797, 0.006389503832906485, 0.0049532875418663025, 0.004199629183858633, 0.0038251702208071947, 0.0035692108795046806, 0.0031094320584088564, 0.003114172024652362, 0.002711273031309247, 0.0027397130616009235, 0.18344227969646454]"
Drums,15,0.207550347,18.16802406,0.826315284,0.132241488,"[0.00459529971703887, 0.3038783073425293, 0.3533182144165039, 0.03832685947418213, 0.020911801606416702, 0.01585550047457218, 0.012196916155517101, 0.01009298488497734, 0.008911056444048882, 0.006812029052525759, 0.005772324278950691, 0.005262280348688364, 0.004301043692976236, 0.003830233821645379, 0.003830233821645379, 0.00299160392023623, 0.004610012751072645, 0.0029670826625078917, 0.0026532092597335577, 0.0028493800200521946, 0.18603362143039703]"
Drums,22,0.201263428,18.62631416,0.833334208,0.141306192,"[0.08714708685874939, 0.5513702034950256, 0.04038523510098457, 0.025693075731396675, 0.02134641818702221, 0.015757206827402115, 0.013973028399050236, 0.014833256602287292, 0.017987428233027458, 0.011874797753989697, 0.010777892544865608, 0.01047749537974596, 0.010090620256960392, 0.01061403937637806, 0.011396893300116062, 0.011865695007145405, 0.013590703718364239, 0.013103696517646313, 0.01451010163873434, 0.01487421989440918, 0.0783308818936348]"
Drums,23,0.206629932,18.31274796,0.827804029,0.150720149,"[0.0034111756831407547, 0.21451963484287262, 0.47126778960227966, 0.025761431083083153, 0.01501209195703268, 0.011581452563405037, 0.007177580613642931, 0.006423326209187508, 0.005727466195821762, 0.0051775905303657055, 0.004919684026390314, 0.0048661562614142895, 0.00475910073146224, 0.004822360817342997, 0.004656911827623844, 0.004627714864909649, 0.004598517902195454, 0.004914817865937948, 0.005075401160866022, 0.00543549656867981, 0.18526430428028107]"
Drums,31,0.20530425,18.40541458,0.829511881,0.172283262,"[0.3805221617221832, 0.2778899371623993, 0.027822934091091156, 0.02232087031006813, 0.016211437061429024, 0.015161936171352863, 0.018180925399065018, 0.012464495375752449, 0.012870898470282555, 0.014358063228428364, 0.016783079132437706, 0.02053002081811428, 0.03017202951014042, 0.0376167856156826, 0.03179764002561569, 0.03955501317977905, 0.014366994611918926, 0.006658746860921383, 0.002625984838232398, 0.0009825113229453564, 0.0011075581423938274]"
Drums,38,0.208644405,18.15879631,0.826863289,0.091190703,"[0.0023116020020097494, 0.07758858054876328, 0.27328649163246155, 0.2840900719165802, 0.06980747729539871, 0.020243443548679352, 0.01395182404667139, 0.011983577162027359, 0.010068525560200214, 0.009908938780426979, 0.008990100584924221, 0.0077859400771558285, 0.006649482995271683, 0.0053244223818182945, 0.004811807535588741, 0.0042846850119531155, 0.00366567843593657, 0.0032110956963151693, 0.0031917516607791185, 0.002824216615408659, 0.1760202795267105]"
Drums,41,0.198718265,18.54209518,0.832650483,0.132487103,"[0.23000729084014893, 0.3849409520626068, 0.04005003347992897, 0.030532553791999817, 0.028921691700816154, 0.02550610713660717, 0.022215144708752632, 0.02051658369600773, 0.016810214146971703, 0.017511792480945587, 0.013883888721466064, 0.010689855553209782, 0.010883713141083717, 0.010966794565320015, 0.011825306341052055, 0.013113074004650116, 0.01473778486251831, 0.01338539831340313, 0.013874657452106476, 0.01225917786359787, 0.057367969304323196]"
Drums,47,0.203789979,18.55186272,0.831571817,0.163009793,"[0.5206208229064941, 0.06875518709421158, 0.050219181925058365, 0.038424935191869736, 0.03738157078623772, 0.029466507956385612, 0.020741211250424385, 0.01979721151292324, 0.01744294911623001, 0.01785188727080822, 0.018474850803613663, 0.03237876296043396, 0.07849327474832535, 0.021658455953001976, 0.015367681160569191, 0.007177445106208324, 0.003393807914108038, 0.0017618754645809531, 0.0004930193535983562, 7.261525752255693e-05, 2.675299037946388e-05]"
Drums,49,0.201135859,18.66345024,0.833750606,0.169720247,"[0.4668532609939575, 0.1751457303762436, 0.0357438288629055, 0.028774937614798546, 0.017722822725772858, 0.018641427159309387, 0.020194878801703453, 0.019117562100291252, 0.02271503023803234, 0.024768665432929993, 0.024369481950998306, 0.02218599058687687, 0.030900713056325912, 0.04084665700793266, 0.03295915946364403, 0.010369173251092434, 0.004554548766463995, 0.002500913804396987, 0.0009570804540999234, 0.0004376599099487066, 0.00024047248007263988]"
Drums,53,0.206913143,18.41601181,0.829381227,0.168915644,"[0.02962421625852585, 0.600925624370575, 0.04300757870078087, 0.02378275617957115, 0.023787440732121468, 0.01960894465446472, 0.013631636276841164, 0.012343423441052437, 0.011959302239120007, 0.011144214309751987, 0.010357232764363289, 0.010249491780996323, 0.010113643482327461, 0.009879423305392265, 0.01049308106303215, 0.009612412191927433, 0.009476563893258572, 0.009528092108666897, 0.009987164288759232, 0.010230754502117634, 0.11025698482990265]"
Drums,54,0.203046262,18.29660416,0.828614354,0.14260827,"[0.5945978760719299, 0.06387750059366226, 0.025874482467770576, 0.018087223172187805, 0.025967389345169067, 0.01865733042359352, 0.013674159534275532, 0.014413189142942429, 0.01720038615167141, 0.036123767495155334, 0.05799904465675354, 0.01747065968811512, 0.018889596685767174, 0.01925700157880783, 0.018074553459882736, 0.015523845329880714, 0.010038133710622787, 0.006942655425518751, 0.0034290975891053677, 0.0016047500539571047, 0.0022973264567553997]"
Drums,70,0.203997493,18.2680378,0.829339802,0.180297524,"[0.5034317970275879, 0.10028891265392303, 0.04970550164580345, 0.02106577903032303, 0.019952433183789253, 0.021863875910639763, 0.02485674060881138, 0.024258168414235115, 0.028428226709365845, 0.08310587704181671, 0.029529601335525513, 0.03293747827410698, 0.029206372797489166, 0.019429679960012436, 0.008116649463772774, 0.0028571884613484144, 0.0008499736431986094, 8.38002233649604e-05, 1.1971460480708629e-05, 1.995243292185478e-05, 0.0]"
Drums,79,0.201435238,18.50115967,0.832479596,0.127164528,"[0.09545236080884933, 0.5434390902519226, 0.04035795107483864, 0.025133222341537476, 0.020654616877436638, 0.015923459082841873, 0.01629807986319065, 0.01938343420624733, 0.018377432599663734, 0.014555464498698711, 0.010720870457589626, 0.008174295537173748, 0.007841766811907291, 0.008628889918327332, 0.008532078005373478, 0.007795465644448996, 0.008292153477668762, 0.00875516701489687, 0.009470732882618904, 0.010287321172654629, 0.10192613303661346]"
Drums,89,0.204377443,18.34005737,0.829472542,0.170223773,"[0.47396114468574524, 0.20426788926124573, 0.02424776926636696, 0.017598707228899002, 0.013540897518396378, 0.012569798156619072, 0.011073511093854904, 0.010736598633229733, 0.011866245418787003, 0.012227931059896946, 0.012708526104688644, 0.013610261492431164, 0.01693974807858467, 0.02066064439713955, 0.02120565064251423, 0.02190920151770115, 0.04046414792537689, 0.0555756501853466, 0.0033542581368237734, 0.0009760544635355473, 0.0005053682834841311]"
Drums,91,0.204665825,18.39432907,0.830760419,0.138226435,"[0.019876018166542053, 0.5594257712364197, 0.09309733659029007, 0.029353633522987366, 0.02016434632241726, 0.015885934233665466, 0.014132714830338955, 0.012346941977739334, 0.011086670681834221, 0.010254239663481712, 0.010258890688419342, 0.01148195844143629, 0.011007612571120262, 0.00997986365109682, 0.00932880025357008, 0.008631233125925064, 0.008840503171086311, 0.009584574960172176, 0.008863755501806736, 0.009324150159955025, 0.11707505583763123]"
Drums,93,0.201305836,18.59132004,0.833507419,0.156457305,"[0.011367442086338997, 0.5619899034500122, 0.10882794857025146, 0.025552822276949883, 0.017759235575795174, 0.01418538112193346, 0.011802811175584793, 0.010243137367069721, 0.009300634264945984, 0.00838683731853962, 0.008243309333920479, 0.007578294724225998, 0.007549589034169912, 0.007650058716535568, 0.0077505288645625114, 0.007745744194835424, 0.008281582966446877, 0.008850912563502789, 0.009090126492083073, 0.010243137367069721, 0.1376005858182907]"
Drums,97,0.204342946,18.3041935,0.828647137,0.101212844,"[0.07336493581533432, 0.4421655535697937, 0.1286836415529251, 0.039016541093587875, 0.043539345264434814, 0.01345075760036707, 0.012180773541331291, 0.010730846785008907, 0.009097515605390072, 0.007536853663623333, 0.006540244910866022, 0.006059242878109217, 0.006325697060674429, 0.005360232666134834, 0.0049795834347605705, 0.005017648451030254, 0.004754654131829739, 0.004643919877707958, 0.004429372493177652, 0.004425911698490381, 0.1676967293024063]"
Drums,98,0.200529173,18.20225716,0.830785513,0.138169885,"[0.0380668006837368, 0.5826466679573059, 0.060482632368803024, 0.02614140324294567, 0.018757103011012077, 0.014969139359891415, 0.011591167189180851, 0.01107867807149887, 0.010775641538202763, 0.00946545135229826, 0.008623186498880386, 0.008204282261431217, 0.008529601618647575, 0.008315693587064743, 0.008823726326227188, 0.009380779229104519, 0.00956794898957014, 0.009679360315203667, 0.009327302686870098, 0.00953229796141386, 0.12604112923145294]"
Ficus,3,0.075223237,24.83642578,0.928028464,0.190267056,"[0.43443968892097473, 0.09866943955421448, 0.043228086084127426, 0.03273499757051468, 0.030687985941767693, 0.03086860477924347, 0.03264038637280464, 0.03380150720477104, 0.03584852069616318, 0.038884636014699936, 0.04002855345606804, 0.041206877678632736, 0.03809335455298424, 0.03116963617503643, 0.020220698788762093, 0.01051029097288847, 0.004747692961245775, 0.0014363491209223866, 0.0006020625005476177, 0.0001806187501642853, 0.0]"
Ficus,5,0.079832911,24.36918068,0.923050284,0.212901503,"[0.4100954532623291, 0.13672582805156708, 0.043148938566446304, 0.03331774100661278, 0.030018793419003487, 0.02742558903992176, 0.026104368269443512, 0.024651845917105675, 0.024553369730710983, 0.02558736875653267, 0.02737635187804699, 0.030593236908316612, 0.03322746977210045, 0.030429109930992126, 0.04023568704724312, 0.03104458563029766, 0.015633078292012215, 0.006655341945588589, 0.0025932034477591515, 0.0005826501292176545, 0.0]"
Ficus,10,0.079562761,24.49627113,0.923803627,0.145867378,"[0.5698133111000061, 0.07665213942527771, 0.035605624318122864, 0.025696899741888046, 0.02255845256149769, 0.020009320229291916, 0.019529644399881363, 0.01867993362247944, 0.019913384690880775, 0.019995614886283875, 0.022914782166481018, 0.02228435128927231, 0.024449743330478668, 0.026930350810289383, 0.023421866819262505, 0.016857165843248367, 0.013526848517358303, 0.010662500746548176, 0.005989091005176306, 0.0030699230264872313, 0.0014390264404937625]"
Ficus,15,0.072850414,25.17399406,0.931187391,0.193136632,"[0.4336283802986145, 0.116239033639431, 0.03702223300933838, 0.030544564127922058, 0.0316132977604866, 0.03214358538389206, 0.03364470601081848, 0.035847440361976624, 0.03796859085559845, 0.042178258299827576, 0.04241484776139259, 0.037846215069293976, 0.029386090114712715, 0.019473791122436523, 0.013322455808520317, 0.0076361410319805145, 0.0030022435821592808, 0.0015908627538010478, 0.009512543678283691, 0.004984703380614519, 0.0]"
Ficus,22,0.076352388,25.21341705,0.928939641,0.180508062,"[0.5029087662696838, 0.11309030652046204, 0.0367421917617321, 0.029321709647774696, 0.025485392659902573, 0.026719138026237488, 0.02774575911462307, 0.030195238068699837, 0.03292388468980789, 0.03635495901107788, 0.038020964711904526, 0.03577861189842224, 0.029474802315235138, 0.020190194249153137, 0.010671445168554783, 0.003070854814723134, 0.0009545765351504087, 0.0003422066802158952, 0.0, 9.0054390966543e-06, 0.0]"
Ficus,23,0.077077329,24.73509216,0.926208675,0.145561367,"[0.04219619184732437, 0.5373230576515198, 0.08414363861083984, 0.03226900473237038, 0.022454887628555298, 0.019130749627947807, 0.01677897945046425, 0.014302835799753666, 0.013126950711011887, 0.01250508800148964, 0.011758852750062943, 0.011057844385504723, 0.012007597833871841, 0.0119397584348917, 0.011792772449553013, 0.012776446528732777, 0.013387002050876617, 0.013104337267577648, 0.014732485637068748, 0.014743792824447155, 0.07846773415803909]"
Ficus,31,0.077076413,24.88383675,0.927203953,0.203310907,"[0.4874439239501953, 0.07015617936849594, 0.035434361547231674, 0.02947407029569149, 0.026999441906809807, 0.02696092613041401, 0.027866043150424957, 0.027625320479273796, 0.029570357874035835, 0.034635160118341446, 0.03826525807380676, 0.03916074335575104, 0.0376104898750782, 0.0336722694337368, 0.023812275379896164, 0.014481868594884872, 0.008791187778115273, 0.0050840601325035095, 0.0024361121468245983, 0.0005199607112444937, 0.0]"
Ficus,38,0.078668058,24.44768906,0.923963666,0.159130529,"[0.33224231004714966, 0.295232355594635, 0.04264514148235321, 0.027921658009290695, 0.0232503954321146, 0.021597974002361298, 0.01967015117406845, 0.01976548321545124, 0.021078946068882942, 0.021756861358880997, 0.02222292870283127, 0.02444734051823616, 0.026692936196923256, 0.026322200894355774, 0.0248604454100132, 0.02139671891927719, 0.015284883789718151, 0.0075312210246920586, 0.0036120202858000994, 0.0014723484637215734, 0.0009956888388842344]"
Ficus,41,0.078342743,24.50746536,0.925081372,0.212800875,"[0.4422757625579834, 0.11451011896133423, 0.036165039986371994, 0.029652707278728485, 0.025373708456754684, 0.023356199264526367, 0.023919224739074707, 0.025439394637942314, 0.026837576180696487, 0.028920773416757584, 0.03317162021994591, 0.03700019791722298, 0.03879249840974808, 0.03671868517994881, 0.03239276632666588, 0.02354387380182743, 0.012611784040927887, 0.007131663616746664, 0.002101964084431529, 8.445390994893387e-05, 0.0]"
Ficus,47,0.079906687,24.42654037,0.923353255,0.11731986,"[0.5918927192687988, 0.0517551489174366, 0.031746622174978256, 0.02538616955280304, 0.025108017027378082, 0.02768557518720627, 0.026109369471669197, 0.02219667285680771, 0.017226992174983025, 0.015187197364866734, 0.014593802392482758, 0.015038848854601383, 0.015038848854601383, 0.01846941187977791, 0.017801843583583832, 0.017876017838716507, 0.013796428218483925, 0.01136721856892109, 0.008548593148589134, 0.008066460490226746, 0.025108017027378082]"
Ficus,49,0.076457061,24.88986588,0.92752564,0.205356896,"[0.47370073199272156, 0.0815572738647461, 0.03690023347735405, 0.02905108407139778, 0.026539357379078865, 0.02508033812046051, 0.026834852993488312, 0.02916189469397068, 0.03246777132153511, 0.034314632415771484, 0.0394950695335865, 0.041628189384937286, 0.041000258177518845, 0.032199978828430176, 0.022365456447005272, 0.010970339179039001, 0.009631367400288582, 0.005125032272189856, 0.0015421268763020635, 0.00043401174480095506, 0.0]"
Ficus,53,0.075297847,24.93149757,0.927979887,0.1481608,"[0.44507816433906555, 0.1187242791056633, 0.06764702498912811, 0.04870541766285896, 0.03684622794389725, 0.03194810822606087, 0.03139651566743851, 0.03317263722419739, 0.035279709845781326, 0.03769567608833313, 0.03797147050499916, 0.0374198816716671, 0.022626232355833054, 0.009564574807882309, 0.003441923065111041, 0.0013348483480513096, 0.0005846856511197984, 0.0003861131554003805, 9.928624058375135e-05, 6.619082705583423e-05, 1.1031805115635507e-05]"
Ficus,54,0.079093553,24.57584381,0.924625397,0.154309511,"[0.5434970855712891, 0.08120027929544449, 0.04421357065439224, 0.028870385140180588, 0.026584967970848083, 0.023422444239258766, 0.022903593257069588, 0.021606463938951492, 0.02165587805211544, 0.020148737356066704, 0.022668873891234398, 0.023447150364518166, 0.02354598045349121, 0.02407718449831009, 0.017937440425157547, 0.016837969422340393, 0.014947867952287197, 0.011315906420350075, 0.007128032855689526, 0.0032984137069433928, 0.0006918021244928241]"
Ficus,70,0.075357817,24.77606392,0.927594304,0.203437969,"[0.42213934659957886, 0.11257761716842651, 0.03645816072821617, 0.02937021665275097, 0.027366207912564278, 0.026758434250950813, 0.027300503104925156, 0.02927165850996971, 0.029156673699617386, 0.034569136798381805, 0.038610007613897324, 0.043932124972343445, 0.04291369765996933, 0.03583396226167679, 0.026594171300530434, 0.01783074252307415, 0.012040474452078342, 0.0054453168995678425, 0.001494792872108519, 0.00033673906000331044, 0.0]"
Ficus,79,0.077037275,24.91895866,0.927082896,0.210734859,"[0.4707799255847931, 0.07938751578330994, 0.03438715264201164, 0.02706862986087799, 0.024701137095689774, 0.024323059245944023, 0.02639348991215229, 0.028896009549498558, 0.03219069540500641, 0.03310888633131981, 0.03732176125049591, 0.04265987500548363, 0.041813697665929794, 0.037384774535894394, 0.027842791751027107, 0.01578928343951702, 0.009848047979176044, 0.004311896860599518, 0.0013952902518212795, 0.00039608238148503006, 0.0]"
Ficus,89,0.078030244,24.62273788,0.925433695,0.171181977,"[0.5363624095916748, 0.08280782401561737, 0.039492785930633545, 0.02781054377555847, 0.022922148928046227, 0.022978859022259712, 0.022003447636961937, 0.023080935701727867, 0.02642682194709778, 0.026971235871315002, 0.02969331294298172, 0.03143997862935066, 0.03413936868309975, 0.03204110264778137, 0.018691588193178177, 0.012033844366669655, 0.007066055666655302, 0.002722076140344143, 0.0008279648027382791, 0.00048770528519526124, 0.0]"
Ficus,91,0.077904277,24.62082481,0.925682604,0.172575161,"[0.3506615459918976, 0.2806296646595001, 0.035313479602336884, 0.02840512804687023, 0.02335636131465435, 0.022063951939344406, 0.020195070654153824, 0.01933036372065544, 0.01973947323858738, 0.0211806483566761, 0.021970972418785095, 0.023970022797584534, 0.02436053566634655, 0.02334706299006939, 0.025169454514980316, 0.019841749221086502, 0.02704763412475586, 0.010701899416744709, 0.0023151806090027094, 0.000390512403100729, 9.297914402850438e-06]"
Ficus,93,0.077560648,24.64492416,0.925745964,0.207903817,"[0.45966169238090515, 0.11010316759347916, 0.035244911909103394, 0.02786504290997982, 0.024751370772719383, 0.02403569035232067, 0.025392694398760796, 0.027288781479001045, 0.029547356069087982, 0.031638629734516144, 0.03486383333802223, 0.038600239902734756, 0.03839576244354248, 0.032568082213401794, 0.026173437014222145, 0.01659076102077961, 0.009815038181841373, 0.006013569887727499, 0.0013941816287115216, 5.576726471190341e-05, 0.0]"
Ficus,97,0.076946482,24.84179688,0.926980436,0.193825737,"[0.47699156403541565, 0.10509057343006134, 0.03590130805969238, 0.02950207144021988, 0.024990808218717575, 0.02459334023296833, 0.02568637765944004, 0.02810099720954895, 0.028508402407169342, 0.030883273109793663, 0.031628526747226715, 0.036676373332738876, 0.03397358953952789, 0.031211184337735176, 0.03180738538503647, 0.015382017008960247, 0.0064091733656823635, 0.0017786698881536722, 0.0007551894523203373, 0.00012917714775539935, 0.0]"
Ficus,98,0.076966703,24.70085335,0.926350772,0.17618458,"[0.2995474636554718, 0.341455340385437, 0.03491803631186485, 0.024852696806192398, 0.020855553448200226, 0.019944287836551666, 0.02043098770081997, 0.020244592800736427, 0.021414740011096, 0.022812703624367714, 0.02401391789317131, 0.02545330300927162, 0.02513228915631771, 0.02357899583876133, 0.02387929894030094, 0.03569468483328819, 0.010303513146936893, 0.00427673477679491, 0.0009009102359414101, 0.00020710579701699317, 8.284232171718031e-05]"
Lego,3,0.1442013085,24.40921402,0.8760136962,0.113204,"[0.2661899924278259, 0.11437437683343887, 0.10281462967395782, 0.09476453810930252, 0.08142636716365814, 0.06882134079933167, 0.054822612553834915, 0.04246075823903084, 0.032029762864112854, 0.024770891293883324, 0.019980037584900856, 0.01675347052514553, 0.013494238257408142, 0.009977316483855247, 0.008471100591123104, 0.00705562112852931, 0.0053788223303854465, 0.0048997369594872, 0.00509572634473443, 0.004094002302736044, 0.02232465334236622]"
Lego,5,0.1597301513,22.47675705,0.8656181693,0.072349,"[0.00017886326531879604, 0.00047346160863526165, 0.002500578761100769, 0.023588908836245537, 0.10886811465024948, 0.13975533843040466, 0.10861209034919739, 0.11396747082471848, 0.1534997522830963, 0.10761957615613937, 0.02325923927128315, 0.018531637266278267, 0.019268132746219635, 0.005253670271486044, 0.004341818392276764, 0.003917456138879061, 0.0034790660720318556, 0.003338780952617526, 0.0031073109712451696, 0.002844276838004589, 0.15359444916248322]"
Lego,10,0.1718873531,21.54839706,0.8518110514,0.079856,"[0.0002914271899498999, 0.0004209503822494298, 0.0006961871404200792, 0.0013707871548831463, 0.0030923662707209587, 0.015510402619838715, 0.07206346839666367, 0.11626864969730377, 0.14108853042125702, 0.20819774270057678, 0.12977144122123718, 0.09021829813718796, 0.07735233008861542, 0.02280687540769577, 0.004376804456114769, 0.0027415743097662926, 0.002142529468983412, 0.0017593567026779056, 0.0014787231339141726, 0.0014355487655848265, 0.10691599547863007]"
Lego,15,0.1561225802,22.12833023,0.8628602624,0.072974,"[9.138679160969332e-05, 8.681745384819806e-05, 0.0002513136714696884, 0.0006534155691042542, 0.0016495316522195935, 0.01932830736041069, 0.10234864056110382, 0.14946767687797546, 0.1934475600719452, 0.15372171998023987, 0.09967100620269775, 0.09511080384254456, 0.04951336607336998, 0.008503541350364685, 0.0050399815663695335, 0.0033401872497051954, 0.002828421304002404, 0.002243545837700367, 0.0018368745222687721, 0.0017454877961426973, 0.10912039875984192]"
Lego,22,0.1530902386,22.51799011,0.8664336801,0.066476,"[0.00012918011634610593, 0.0002875299542210996, 0.000979268690571189, 0.00440462538972497, 0.03916241228580475, 0.08523388206958771, 0.1563871204853058, 0.16129596531391144, 0.11814563721418381, 0.10830295085906982, 0.14586518704891205, 0.037183038890361786, 0.00992603413760662, 0.00680070836097002, 0.004883842077106237, 0.004246275871992111, 0.003437858074903488, 0.00275445356965065, 0.0022168976720422506, 0.001971038756892085, 0.10638608038425446]"
Lego,23,0.1640804708,22.22924995,0.86304456,0.067764,"[0.000652237911708653, 0.0007755267433822155, 0.001292544649913907, 0.0032094877678900957, 0.04825367406010628, 0.10370980203151703, 0.16180670261383057, 0.14478488266468048, 0.11508021503686905, 0.10788173973560333, 0.12374623119831085, 0.013991298153996468, 0.005635494366288185, 0.004470215644687414, 0.00391740445047617, 0.003722528461366892, 0.004442376550287008, 0.004414536990225315, 0.004661114886403084, 0.005365054588764906, 0.13818693161010742]"
Lego,31,0.1600968838,22.81086349,0.8618268967,0.09055,"[0.38295140862464905, 0.2669263780117035, 0.03785352408885956, 0.023647023364901543, 0.018900923430919647, 0.016833946108818054, 0.014596045017242432, 0.015478485263884068, 0.015311537310481071, 0.01290271244943142, 0.011869223788380623, 0.01131670456379652, 0.010104342363774776, 0.009547848254442215, 0.009186127223074436, 0.0085620591416955, 0.007687568198889494, 0.006189009174704552, 0.005962436553090811, 0.005537115968763828, 0.10863559693098068]"
Lego,38,0.1571873426,22.43910789,0.8624328375,0.07393,"[0.00027044795569963753, 0.00023780768970027566, 0.00047095248010009527, 0.0007647149614058435, 0.0017672375543043017, 0.008472481742501259, 0.11170433461666107, 0.1523880958557129, 0.19467124342918396, 0.1695568859577179, 0.08847378939390182, 0.06696850806474686, 0.06151292473077774, 0.006751873530447483, 0.0039914390072226524, 0.003119477303698659, 0.002615884644910693, 0.0021029659546911716, 0.0022008868400007486, 0.0018325181445106864, 0.12012552469968796]"
Lego,41,0.1509300917,22.8294239,0.8660107255,0.099929,"[4.871184137300588e-05, 9.742368274601176e-05, 0.00015154795255512, 0.000503355695400387, 0.0016995021142065525, 0.005829183850437403, 0.17977376282215118, 0.22778740525245667, 0.16932237148284912, 0.101986363530159, 0.07458865642547607, 0.038368694484233856, 0.00781013211235404, 0.004405715502798557, 0.0037345746532082558, 0.002749512903392315, 0.002717038383707404, 0.0021054341923445463, 0.0017806884134188294, 0.0018943494651466608, 0.17264559864997864]"
Lego,47,0.167591393,22.13664436,0.8513912559,0.066557,"[0.2837928831577301, 0.27538394927978516, 0.05690053477883339, 0.04463070631027222, 0.040028393268585205, 0.036908943206071854, 0.033807579427957535, 0.02896113321185112, 0.023766575381159782, 0.02006392553448677, 0.017369447275996208, 0.015348587185144424, 0.014322333969175816, 0.013391020707786083, 0.011311388574540615, 0.009254361502826214, 0.008196461945772171, 0.00821454543620348, 0.007762451656162739, 0.006252458319067955, 0.04433232545852661]"
Lego,49,0.1544631869,22.61598015,0.8605239391,0.10122,"[0.53694087266922, 0.13289108872413635, 0.022672586143016815, 0.018372071906924248, 0.01620962843298912, 0.019500304013490677, 0.02065291255712509, 0.017268216237425804, 0.01487246435135603, 0.013267171569168568, 0.014485940337181091, 0.015349525958299637, 0.018671542406082153, 0.01648123934864998, 0.007225559558719397, 0.011940454132854939, 0.04744841903448105, 0.009687473066151142, 0.004572125151753426, 0.00808218028396368, 0.03340820223093033]"
Lego,53,0.177750051,21.169487,0.8416600823,0.068071,"[6.194942397996783e-05, 0.00010531402222113684, 0.0003407218318898231, 0.001065530115738511, 0.00330809922888875, 0.005271896254271269, 0.05825723707675934, 0.1328505426645279, 0.15001052618026733, 0.13858085870742798, 0.16568993031978607, 0.1309177130460739, 0.07334811985492706, 0.052886225283145905, 0.010537597350776196, 0.0034196083433926105, 0.0019142371602356434, 0.0014805912505835295, 0.0009973857086151838, 0.0006814436637796462, 0.06827446073293686]"
Lego,54,0.1664189845,22.07707214,0.8573628068,0.065665,"[4.46819540229626e-05, 0.0001608550373930484, 0.0003708602162078023, 0.0013672678032889962, 0.0039588212966918945, 0.04755500331521034, 0.11839824169874191, 0.17395131289958954, 0.1385587453842163, 0.13984110951423645, 0.12183428555727005, 0.12033744156360626, 0.013511822558939457, 0.004897142294794321, 0.003708602162078023, 0.0029132633935660124, 0.0026630444917827845, 0.0020062196999788284, 0.0015683366218581796, 0.0014923772541806102, 0.10086057335138321]"
Lego,70,0.1656386107,21.76130867,0.853441298,0.083451,"[8.357011392945424e-05, 0.00014256079157348722, 0.00055549549870193, 0.0010175890056416392, 0.002364542568102479, 0.005702431313693523, 0.05477283522486687, 0.13537375628948212, 0.12977947294712067, 0.11448614299297333, 0.16290272772312164, 0.19343040883541107, 0.02847774513065815, 0.005318991839885712, 0.0027922249864786863, 0.0020400939974933863, 0.001676318235695362, 0.0014747667592018843, 0.0012633835431188345, 0.0013076264876872301, 0.1550373136997223]"
Lego,79,0.1622681767,22.5505619,0.8595993519,0.056742,"[0.11139843612909317, 0.24895265698432922, 0.1652485877275467, 0.12005987763404846, 0.04433136805891991, 0.03549846261739731, 0.029529528692364693, 0.02503429353237152, 0.021753234788775444, 0.01927853748202324, 0.016623103991150856, 0.01443109754472971, 0.012512512505054474, 0.012252993881702423, 0.010946131311357021, 0.010918325744569302, 0.0095419492572546, 0.009704148396849632, 0.00929633341729641, 0.008476068265736103, 0.0642123594880104]"
Lego,89,0.1674317122,21.79432487,0.8510430455,0.109235,"[0.0006078575970605016, 0.009052902460098267, 0.2022077739238739, 0.35058072209358215, 0.16473868489265442, 0.00880697462707758, 0.006950921379029751, 0.007150446996092796, 0.0074752564541995525, 0.007902149111032486, 0.007285011000931263, 0.008018151856958866, 0.008463605307042599, 0.008291919715702534, 0.008282640017569065, 0.008366161957383156, 0.007860387675464153, 0.00799495168030262, 0.007312851957976818, 0.006853478495031595, 0.15579715371131897]"
Lego,91,0.1533751637,22.99334908,0.8638169765,0.099349,"[0.5017213821411133, 0.07043875008821487, 0.046936050057411194, 0.041943591088056564, 0.039690051227808, 0.04506734758615494, 0.04035571217536926, 0.031449027359485626, 0.02700088359415531, 0.020146653056144714, 0.018288349732756615, 0.017664290964603424, 0.01246381364762783, 0.00791859533637762, 0.005938946269452572, 0.006205904297530651, 0.007010244764387608, 0.005907743703573942, 0.005602648947387934, 0.005613049957901239, 0.042636990547180176]"
Lego,93,0.1585486978,23.83376503,0.8680477738,0.088166,"[0.2623225450515747, 0.2733767330646515, 0.06560691446065903, 0.0544511079788208, 0.04504716023802757, 0.03656117990612984, 0.030513783916831017, 0.026022031903266907, 0.02063683420419693, 0.020006166771054268, 0.019778424873948097, 0.017900438979268074, 0.015356747433543205, 0.012627359479665756, 0.010798424482345581, 0.00932336412370205, 0.008633133955299854, 0.007382310461252928, 0.006401272490620613, 0.005697027314454317, 0.05155704915523529]"
Lego,97,0.1679487973,22.06137466,0.8565443158,0.065081,"[7.078706403262913e-05, 0.0006370835471898317, 0.001451134798116982, 0.0024775471538305283, 0.005224970169365406, 0.03251338377594948, 0.13154006004333496, 0.1584966629743576, 0.12745653092861176, 0.13667654991149902, 0.14457373321056366, 0.106892891228199, 0.021253816783428192, 0.005229394417256117, 0.003769411239773035, 0.003101358190178871, 0.0024465778842568398, 0.0023580940905958414, 0.0021457327529788017, 0.0019200991373509169, 0.10976418852806091]"
Lego,98,0.1562618613,22.07129097,0.8611041307,0.099033,"[0.006782926619052887, 0.4143943190574646, 0.25005558133125305, 0.02101576142013073, 0.01949457637965679, 0.019537482410669327, 0.01977541111409664, 0.019736405462026596, 0.019135732203722, 0.017758864909410477, 0.01792268455028534, 0.018975812941789627, 0.01782907359302044, 0.014771100133657455, 0.013838887214660645, 0.020504798740148544, 0.020571107044816017, 0.007566922344267368, 0.005281243938952684, 0.004150106105953455, 0.050901204347610474]"
Materials,3,0.1583485305,20.72838402,0.8416560292,0.140739,"[0.0004061271611135453, 0.0005593826645053923, 0.001455927500501275, 0.03899586945772171, 0.035317737609148026, 0.17920935153961182, 0.16758492588996887, 0.12502586841583252, 0.12438984960317612, 0.0801449790596962, 0.008283461444079876, 0.0049271653406322, 0.003425261005759239, 0.003095761639997363, 0.002406111918389797, 0.002191554056480527, 0.002076612552627921, 0.0018390663899481297, 0.0017547758761793375, 0.0017701013712212443, 0.21514011919498444]"
Materials,5,0.2017976344,18.21493721,0.8179529309,0.080128,"[0.0007143447292037308, 0.0009563954663462937, 0.0015644740778952837, 0.002491351217031479, 0.011098910123109818, 0.01276374701410532, 0.051745716482400894, 0.12335730344057083, 0.14250291883945465, 0.13678815960884094, 0.1681012660264969, 0.13201208412647247, 0.03493795171380043, 0.013265559449791908, 0.008737440221011639, 0.0066652498207986355, 0.0053487299010157585, 0.004380527418106794, 0.003778352402150631, 0.003624856937676668, 0.13516464829444885]"
Materials,10,0.1885758936,18.55753708,0.8223792315,0.117924,"[0.0016928286058828235, 0.0024859721306711435, 0.003740795888006687, 0.0050133769400417805, 0.007333617657423019, 0.01193266548216343, 0.03309302404522896, 0.11735563725233078, 0.20498615503311157, 0.1769479364156723, 0.14817577600479126, 0.04227336123585701, 0.009630181826651096, 0.00680090906098485, 0.005741411354392767, 0.004942349158227444, 0.004161043558269739, 0.0036579302977770567, 0.0033323862589895725, 0.003338305279612541, 0.20336434245109558]"
Materials,15,0.1733728051,19.26415062,0.8379064202,0.087516,"[0.00011338588228682056, 0.001292599132284522, 0.008621862158179283, 0.07633137702941895, 0.13608120381832123, 0.1425759494304657, 0.14719755947589874, 0.09191060066223145, 0.12437070906162262, 0.03519951552152634, 0.01241348683834076, 0.008603720925748348, 0.006508349906653166, 0.00505701033398509, 0.00460346695035696, 0.003900474403053522, 0.0036691671703010798, 0.0032655135728418827, 0.0030523480381816626, 0.002530772937461734, 0.18270094692707062]"
Materials,22,0.1934770197,18.46609497,0.8187561631,0.082233,"[0.0009103535558097064, 0.0015241920482367277, 0.00487949512898922, 0.009087929502129555, 0.015096263028681278, 0.03234616294503212, 0.06176358833909035, 0.08647318929433823, 0.12388091534376144, 0.14812232553958893, 0.16927894949913025, 0.12189894914627075, 0.06132661923766136, 0.014976616948843002, 0.00504595972597599, 0.004000353626906872, 0.003178434446454048, 0.002684242557734251, 0.0022212627809494734, 0.0019975758623331785, 0.1293066293001175]"
Materials,23,0.1689167768,20.56071281,0.8409857154,0.108727,"[0.0005456085782498121, 0.0007035479065962136, 0.0014142747968435287, 0.004817149136215448, 0.0064037214033305645, 0.026576880365610123, 0.014401194639503956, 0.06643502414226532, 0.42515110969543457, 0.15089666843414307, 0.03257139399647713, 0.03522764891386032, 0.04451735317707062, 0.009634298272430897, 0.003962841350585222, 0.003410053439438343, 0.003022384364157915, 0.002534208120778203, 0.0023619108833372593, 0.0024193432182073593, 0.162993386387825]"
Materials,31,0.1651748568,20.3771019,0.8408266306,0.089723,"[0.00015644784434698522, 0.0003471186792012304, 0.00088979717111215, 0.001921375165693462, 0.0035640776623040438, 0.0076952786184847355, 0.043023157864809036, 0.13045306503772736, 0.20693162083625793, 0.1556851714849472, 0.12526094913482666, 0.10753345489501953, 0.05094822123646736, 0.015053216367959976, 0.006913039367645979, 0.00550500862300396, 0.004566321615129709, 0.004004087299108505, 0.0035689666401594877, 0.0028942853678017855, 0.12308534979820251]"
Materials,38,0.1919143647,18.5008812,0.8219311833,0.093936,"[0.00022947204706724733, 0.0005261066253297031, 0.0012704916298389435, 0.0019980857614427805, 0.0035931963939219713, 0.010275870561599731, 0.02514118142426014, 0.1301274448633194, 0.211226224899292, 0.158772274851799, 0.1319408267736435, 0.10170648992061615, 0.040353499352931976, 0.008764713071286678, 0.006106195040047169, 0.005003610160201788, 0.004001768771559, 0.0035148400347679853, 0.003414096310734749, 0.002927167806774378, 0.1491064578294754]"
Materials,41,0.1855445802,18.92581367,0.827725172,0.116231,"[0.0043568997643888, 0.0026493745390325785, 0.006010218057781458, 0.044287241995334625, 0.027930235490202904, 0.19110053777694702, 0.14642706513404846, 0.11369272321462631, 0.17218224704265594, 0.04495805874466896, 0.010793998837471008, 0.006694583222270012, 0.005210662726312876, 0.00419427827000618, 0.0035708961077034473, 0.003055928274989128, 0.002988169202581048, 0.0028865309432148933, 0.0026561503764241934, 0.0023647870402783155, 0.20198939740657806]"
Materials,47,0.1744899005,19.02391434,0.8323611021,0.078317,"[0.00019532717124093324, 0.0006010066717863083, 0.001126887509599328, 0.00234392611309886, 0.00446247449144721, 0.01756441965699196, 0.08387549221515656, 0.11233315616846085, 0.12303608655929565, 0.14358049631118774, 0.1544487029314041, 0.14324994385242462, 0.03241930156946182, 0.012070217169821262, 0.008158666081726551, 0.006395712960511446, 0.005078506655991077, 0.004357298370450735, 0.003736258251592517, 0.0033305787947028875, 0.13763554394245148]"
Materials,49,0.1798215508,19.02236366,0.8310623765,0.078464,"[9.09371956367977e-05, 0.00021824927534908056, 0.0005819980870001018, 0.002023352775722742, 0.02153392881155014, 0.04871051013469696, 0.0625738874077797, 0.08965043723583221, 0.10646927356719971, 0.18216539919376373, 0.17041631042957306, 0.10573267936706543, 0.04821035638451576, 0.007402287796139717, 0.0044604698196053505, 0.0034738010726869106, 0.002728116000071168, 0.0025098666083067656, 0.0021233835723251104, 0.0020324464421719313, 0.13689231872558594]"
Materials,53,0.1669471711,19.33387947,0.8413323164,0.097323,"[0.00025110392016358674, 0.0003505979257170111, 0.0020183068700134754, 0.008404874242842197, 0.08501052111387253, 0.16671878099441528, 0.16580912470817566, 0.08815642446279526, 0.20227131247520447, 0.0342685766518116, 0.014530861750245094, 0.012943696230649948, 0.00831011775881052, 0.00731517793610692, 0.006812970153987408, 0.006974055897444487, 0.006178103853017092, 0.0072535863146185875, 0.031800176948308945, 0.0017861542291939259, 0.14283548295497894]"
Materials,54,0.1788760275,18.49586296,0.8283125162,0.08282,"[0.03245961293578148, 0.005751021206378937, 0.008000831119716167, 0.06903032213449478, 0.03266290947794914, 0.11291517317295074, 0.0961906835436821, 0.15530918538570404, 0.07934872806072235, 0.16607484221458435, 0.040776681154966354, 0.01184086874127388, 0.008380317129194736, 0.006681665312498808, 0.0055567603558301926, 0.0043189129792153835, 0.003885214449837804, 0.003550905268639326, 0.0030404061544686556, 0.0026564025320112705, 0.15156854689121246]"
Materials,70,0.198979795,18.334198,0.8111564517,0.089484,"[0.0003258154320064932, 0.0007385149947367609, 0.0010064076632261276, 0.0015711544547230005, 0.0060022445395588875, 0.015277124010026455, 0.0738949403166771, 0.1157224029302597, 0.10432610660791397, 0.18895123898983002, 0.16556492447853088, 0.10038735717535019, 0.03620895743370056, 0.012909531593322754, 0.00867393147200346, 0.0063353003934025764, 0.00531441206112504, 0.004373167175799608, 0.003743257373571396, 0.0033667595125734806, 0.14530645310878754]"
Materials,79,0.1739755273,19.20429802,0.8369685411,0.082464,"[0.004907756578177214, 0.005489555653184652, 0.006512396037578583, 0.011931573040783405, 0.031201321631669998, 0.044592082500457764, 0.13298331201076508, 0.09694461524486542, 0.15961000323295593, 0.11537451297044754, 0.16290374100208282, 0.04320327192544937, 0.014512133784592152, 0.007464857306331396, 0.00500628724694252, 0.0040397499687969685, 0.003392264014109969, 0.002796389162540436, 0.00240695895627141, 0.002345964079722762, 0.14238125085830688]"
Materials,89,0.1952026337,18.32404709,0.8225531578,0.101171,"[0.00026575717492960393, 0.0007579001248814166, 0.002199878916144371, 0.0053742011077702045, 0.01113719493150711, 0.017348038032650948, 0.046797871589660645, 0.11304031312465668, 0.16530096530914307, 0.19334819912910461, 0.14725901186466217, 0.05884061008691788, 0.011068294756114483, 0.00843040831387043, 0.006604558322578669, 0.005580900702625513, 0.0048722149804234505, 0.004498186521232128, 0.0038239506538957357, 0.003494214965030551, 0.18995733559131622]"
Materials,91,0.1641114801,20.6484127,0.8435914516,0.100329,"[0.0001313528191531077, 0.0001806101354304701, 0.00038311240496113896, 0.002265836112201214, 0.06881793588399887, 0.007684140466153622, 0.07552787661552429, 0.10485786199569702, 0.17936228215694427, 0.12583599984645844, 0.15357334911823273, 0.06193285807967186, 0.03768184036016464, 0.008154821582138538, 0.006058649159967899, 0.004608294926583767, 0.0038694352842867374, 0.003250982379540801, 0.0030320610385388136, 0.0024957037530839443, 0.15029498934745789]"
Materials,93,0.1929392964,18.62276459,0.8219692707,0.149292,"[0.0037655490450561047, 0.15510092675685883, 0.43893855810165405, 0.07866886258125305, 0.029185686260461807, 0.021493667736649513, 0.019026214256882668, 0.015292849391698837, 0.00965525396168232, 0.009006205946207047, 0.0074667297303676605, 0.006517296191304922, 0.006082809995859861, 0.0044736010022461414, 0.004554061219096184, 0.0038513734471052885, 0.003078953130170703, 0.002553278114646673, 0.0023869932629168034, 0.00241381349042058, 0.17648731172084808]"
Materials,97,0.1941265762,18.73338509,0.8230586052,0.089766,"[0.00018420955166220665, 0.0004953190218657255, 0.0016824472695589066, 0.007335633970797062, 0.07244757562875748, 0.11174970120191574, 0.165485680103302, 0.11805785447359085, 0.23891979455947876, 0.030062999576330185, 0.00990638043731451, 0.008039724081754684, 0.00685259560123086, 0.005861957557499409, 0.004990032408386469, 0.004429216496646404, 0.004367813467979431, 0.003630975028499961, 0.003479513805359602, 0.0036432556807994843, 0.1983773112297058]"
Materials,98,0.1905714422,18.68646049,0.8256686926,0.103181,"[0.0011759959161281586, 0.0019657157827168703, 0.0035623235162347555, 0.048104241490364075, 0.015210691839456558, 0.1399950236082077, 0.11739358305931091, 0.17709468305110931, 0.06778715550899506, 0.17017605900764465, 0.027803290635347366, 0.009476639330387115, 0.006601028144359589, 0.005167515017092228, 0.004008687101304531, 0.0038455924950540066, 0.0031932152342051268, 0.0030043693259358406, 0.002437830902636051, 0.002626677043735981, 0.18936967849731445]"
Mic,3,0.05132018775,26.78909111,0.9556621909,0.094188,"[7.81970884418115e-05, 9.383650467498228e-05, 9.383650467498228e-05, 0.00029714894481003284, 0.0005317401955835521, 0.002283354988321662, 0.011057068593800068, 0.13398289680480957, 0.2940366864204407, 0.1126038059592247, 0.0844997763633728, 0.12730485200881958, 0.0648253858089447, 0.01714080199599266, 0.0031748018227517605, 0.0025648644659668207, 0.0018141724867746234, 0.0015952206449583173, 0.0012980717001482844, 0.0012980717001482844, 0.13942541182041168]"
Mic,5,0.04853027314,26.2916832,0.955686152,0.116881,"[0.0002280675107613206, 0.00036744208773598075, 0.0020906187128275633, 0.01667426899075508, 0.07369114458560944, 0.1540469378232956, 0.10204754024744034, 0.1345851719379425, 0.1581774801015854, 0.10714104771614075, 0.03372865170240402, 0.00712077459320426, 0.004358623642474413, 0.0034716941881924868, 0.002914195880293846, 0.002584765199571848, 0.001976585015654564, 0.0018878921400755644, 0.0017231766832992435, 0.0015838021645322442, 0.1896001249551773]"
Mic,10,0.04958209768,27.60349464,0.9566741586,0.097639,"[0.0003708365256898105, 0.000539398577529937, 0.0008203353499993682, 0.001809232751838863, 0.011012720875442028, 0.039061445742845535, 0.17683282494544983, 0.26433899998664856, 0.1381085067987442, 0.08877601474523544, 0.03231896460056305, 0.012439879588782787, 0.00536027317866683, 0.004427563399076462, 0.00392187712714076, 0.0032476289197802544, 0.0032588662579655647, 0.0030565918423235416, 0.0028655549976974726, 0.002831842517480254, 0.20460061728954315]"
Mic,15,0.05615882576,25.62005615,0.9506864548,0.070322,"[0.0025187120772898197, 0.0021504098549485207, 0.002328620757907629, 0.002827610820531845, 0.007330402731895447, 0.016953783109784126, 0.04038256034255028, 0.08592134714126587, 0.17691576480865479, 0.16264702379703522, 0.14317452907562256, 0.13573719561100006, 0.06605678796768188, 0.016597362235188484, 0.009872876107692719, 0.0037899489980190992, 0.0027800879906862974, 0.0021979326847940683, 0.0015444932505488396, 0.0014613282401114702, 0.11681121587753296]"
Mic,22,0.05330345035,26.10637093,0.9528081417,0.122055,"[3.9331367588602006e-05, 0.00017043591651599854, 0.0003277614014223218, 0.0010488363914191723, 0.006057030521333218, 0.2826352119445801, 0.192972794175148, 0.1485152393579483, 0.1057620421051979, 0.012690921314060688, 0.0033300556242465973, 0.003172730328515172, 0.002530317986384034, 0.0022156669292598963, 0.0018616847228258848, 0.0022025564685463905, 0.0016781382728368044, 0.001376597792841494, 0.0010226155864074826, 0.0007341855089180171, 0.22965584695339203]"
Mic,23,0.04610649124,26.97981834,0.9589236975,0.087141,"[0.00014396084588952363, 0.0006358270766213536, 0.0014516051160171628, 0.017563221976161003, 0.04520370438694954, 0.06961706280708313, 0.10539133101701736, 0.12275061011314392, 0.15893277525901794, 0.14520850777626038, 0.10229617357254028, 0.06297086924314499, 0.010233216919004917, 0.004594750236719847, 0.003035174449905753, 0.0022313930094242096, 0.001967464806511998, 0.0014755986630916595, 0.0016075627645477653, 0.0014396084006875753, 0.14124958217144012]"
Mic,31,0.04890106246,26.39192772,0.9545826316,0.049446,"[0.02192114293575287, 0.10598117113113403, 0.12023860216140747, 0.10820136964321136, 0.10887010395526886, 0.09953456372022629, 0.09233897179365158, 0.10392146557569504, 0.05125187337398529, 0.017199872061610222, 0.010579392313957214, 0.007957950234413147, 0.005670875310897827, 0.0043601542711257935, 0.003972287755459547, 0.0033303017262369394, 0.00246094586327672, 0.002287074690684676, 0.0019928312394768, 0.0017253370024263859, 0.1262037307024002]"
Mic,38,0.05271125585,26.17413521,0.952476263,0.067551,"[3.500828461255878e-05, 8.168599742930382e-05, 0.0003500828461255878, 0.0012486288323998451, 0.0370737724006176, 0.034028053283691406, 0.05237239599227905, 0.12118701636791229, 0.21206852793693542, 0.13019581139087677, 0.11966998875141144, 0.10502485930919647, 0.04155483469367027, 0.011342684738337994, 0.006569887977093458, 0.004072630312293768, 0.0030807291623204947, 0.0026606295723468065, 0.0018437696853652596, 0.0017970920307561755, 0.1137419193983078]"
Mic,41,0.05248779058,26.20175743,0.9531263709,0.0523,"[0.015404464676976204, 0.040843985974788666, 0.08150552213191986, 0.10190144926309586, 0.11640666425228119, 0.1027485653758049, 0.10165382921695709, 0.11539012938737869, 0.11085480451583862, 0.04135225713253021, 0.014635545201599598, 0.008666640147566795, 0.005551862996071577, 0.004561389796435833, 0.0032060053199529648, 0.0028410942759364843, 0.00211127195507288, 0.001863653538748622, 0.0016421002801507711, 0.001303254277445376, 0.12555551528930664]"
Mic,47,0.05711456016,26.50020409,0.9507787824,0.052669,"[0.01213037222623825, 0.06824813038110733, 0.11201208829879761, 0.12611381709575653, 0.11537652462720871, 0.09300827980041504, 0.09925089031457901, 0.10038112848997116, 0.0737416222691536, 0.021054014563560486, 0.0126954922452569, 0.00813510362058878, 0.005966618657112122, 0.004415823146700859, 0.003627283498644829, 0.0032461558002978563, 0.002589039271697402, 0.002260481007397175, 0.0018267841078341007, 0.001616506720893085, 0.132303848862648]"
Mic,49,0.04876640067,27.54731941,0.9562760592,0.090886,"[4.630165494745597e-05, 5.787707050330937e-05, 0.00043986571836285293, 0.0008797314367257059, 0.009514990262687206, 0.040699154138565063, 0.05030674859881401, 0.08627156168222427, 0.21828915178775787, 0.15629123151302338, 0.11793031543493271, 0.09899293631315231, 0.05519157275557518, 0.01630975864827633, 0.02153027057647705, 0.00563722662627697, 0.0027780993841588497, 0.0019215187057852745, 0.0015511054079979658, 0.001284870901145041, 0.11407570540904999]"
Mic,53,0.05341018736,25.97463989,0.9517021179,0.092537,"[6.242118979571387e-05, 0.00019974782480858266, 0.000474401080282405, 0.0010237075621262193, 0.022758767008781433, 0.04132283106446266, 0.057327624410390854, 0.08434351533651352, 0.21383003890514374, 0.14999812841415405, 0.11655285209417343, 0.09429345279932022, 0.08028613775968552, 0.009775158949196339, 0.004519294481724501, 0.0024094581604003906, 0.0017228248761966825, 0.0014606559416279197, 0.0013732662191614509, 0.0014232031535357237, 0.11484251171350479]"
Mic,54,0.04795143008,26.14487648,0.9560751915,0.122719,"[0.0002976448740810156, 0.0006448972271755338, 0.001327000092715025, 0.0036089441273361444, 0.03792491927742958, 0.0788014829158783, 0.17897139489650726, 0.13162104785442352, 0.15963687002658844, 0.12220802903175354, 0.06131484732031822, 0.009313804097473621, 0.004911140538752079, 0.003981000278145075, 0.0026415984611958265, 0.0025299815461039543, 0.0021207197569310665, 0.001984299160540104, 0.0016990562435239553, 0.001823074882850051, 0.19263824820518494]"
Mic,70,0.05213256553,26.07190704,0.9529536366,0.112576,"[0.0001589749299455434, 0.00017487241711933166, 0.00038153983769007027, 0.0007312846719287336, 0.0018282117089256644, 0.008330286480486393, 0.1535697877407074, 0.28009793162345886, 0.07312846928834915, 0.0777069479227066, 0.19779661297798157, 0.025292910635471344, 0.0045148879289627075, 0.003465653397142887, 0.002464111428707838, 0.002241546520963311, 0.001907699159346521, 0.0018918017158284783, 0.0014466719003394246, 0.0015420567942783237, 0.1613277643918991]"
Mic,79,0.05503051728,25.93909454,0.9518854022,0.046812,"[0.08117712289094925, 0.10545729845762253, 0.08689248561859131, 0.09233762323856354, 0.09809352457523346, 0.11353717744350433, 0.10278201848268509, 0.09132426232099533, 0.04027779772877693, 0.024604450911283493, 0.009876910597085953, 0.0071340748108923435, 0.005296510178595781, 0.005026279948651791, 0.003864290425553918, 0.0033913878723978996, 0.002351001836359501, 0.002351001836359501, 0.0018916106782853603, 0.00166191509924829, 0.12067124992609024]"
Mic,89,0.05067764223,26.29379272,0.9546242952,0.086976,"[0.00014347716933116317, 0.0004065186367370188, 0.0013630330795422196, 0.019166158512234688, 0.049093104898929596, 0.06701579689979553, 0.10332747548818588, 0.12906967103481293, 0.1538194864988327, 0.14408694207668304, 0.10298074036836624, 0.06274735182523727, 0.010019488632678986, 0.004232576582580805, 0.0029293254483491182, 0.0020804188679903746, 0.0017815082101151347, 0.0013989023864269257, 0.001482597435824573, 0.0012315124040469527, 0.14162392914295197]"
Mic,91,0.05277854949,26.12518311,0.9526176453,0.069305,"[0.00016318538109771907, 0.02453608810901642, 0.0351547934114933, 0.04392017796635628, 0.09427452087402344, 0.12483681738376617, 0.1434049755334854, 0.1304783672094345, 0.10016085207462311, 0.09525363892316818, 0.038127098232507706, 0.008625512942671776, 0.005466710310429335, 0.003986385650932789, 0.003356956411153078, 0.002424468519166112, 0.002272939309477806, 0.002028161194175482, 0.0016668221214786172, 0.0015036367112770677, 0.13835789263248444]"
Mic,93,0.05033905059,26.74485207,0.9549209476,0.133258,"[0.00023389351554214954, 0.0004560923553071916, 0.0006665965192951262, 0.0014033610932528973, 0.005227520130574703, 0.01975230686366558, 0.0437614768743515, 0.12700417637825012, 0.17858938872814178, 0.15484920144081116, 0.15369142591953278, 0.08250593394041061, 0.03258136659860611, 0.017483539879322052, 0.006233261898159981, 0.002514355117455125, 0.0017775907181203365, 0.001859453390352428, 0.0014033610932528973, 0.001005742116831243, 0.1669999659061432]"
Mic,97,0.04941211641,26.1367836,0.9553823471,0.075466,"[0.00029821073985658586, 0.000633697840385139, 0.0008697813027538359, 0.002534791361540556, 0.012711232528090477, 0.018277833238244057, 0.0575173944234848, 0.10969185084104538, 0.1558399647474289, 0.14777584373950958, 0.14536531269550323, 0.13214462995529175, 0.051739562302827835, 0.028640655800700188, 0.012089960277080536, 0.007132206577807665, 0.0028702784329652786, 0.0020626243203878403, 0.001627733581699431, 0.001751988078467548, 0.10842445492744446]"
Mic,98,0.06054115295,25.71274757,0.9471266866,0.044735,"[0.07400505244731903, 0.1438641995191574, 0.09815122187137604, 0.09126389026641846, 0.10815811157226562, 0.10468743741512299, 0.10476846247911453, 0.04975084215402603, 0.03322124481201172, 0.03145214542746544, 0.010033896192908287, 0.007022377103567123, 0.0053613148629665375, 0.0040108575485646725, 0.0032410970889031887, 0.003214088035747409, 0.0024173182900995016, 0.0022687679156661034, 0.0019041445339098573, 0.0016880714101716876, 0.11951545625925064]"
Ship,3,0.3171624541,17.03715134,0.6816332936,0.046904,"[0.0006091246614232659, 0.0019990364089608192, 0.008018296211957932, 0.03101552091538906, 0.050258323550224304, 0.0776495561003685, 0.09971371293067932, 0.1173340305685997, 0.14902235567569733, 0.1487731635570526, 0.09221040457487106, 0.04059262201189995, 0.023833388462662697, 0.01683122292160988, 0.012766699306666851, 0.010587694123387337, 0.009175633080303669, 0.00781340803951025, 0.0066117714159190655, 0.005786684341728687, 0.0893973559141159]"
Ship,5,0.3176006973,17.03236961,0.6836785674,0.072633,"[0.00010673772339941934, 0.001188837457448244, 0.004935699515044689, 0.013658748008310795, 0.048687126487493515, 0.1253064125776291, 0.14062143862247467, 0.14985977113246918, 0.1538274735212326, 0.09587256610393524, 0.04659285768866539, 0.02587837725877762, 0.017670614644885063, 0.013356938026845455, 0.009823551401495934, 0.007607823703438044, 0.006028841249644756, 0.0049283383414149284, 0.004287912044674158, 0.003389843041077256, 0.12637010216712952]"
Ship,10,0.3024401665,17.86586571,0.7001904845,0.079485,"[0.00020670222875196487, 0.001000873977318406, 0.003372509963810444, 0.00992533378303051, 0.026069864630699158, 0.07411544024944305, 0.11509325355291367, 0.15221624076366425, 0.15355436503887177, 0.1432192623615265, 0.07986684143543243, 0.03217301890254021, 0.017141779884696007, 0.010458407923579216, 0.007967101410031319, 0.006019749213010073, 0.004699755925685167, 0.003967232070863247, 0.0033797628711909056, 0.002846688497811556, 0.15270580351352692]"
Ship,15,0.3144256473,17.10685539,0.6857088804,0.062625,"[7.367115904344246e-05, 0.00044509657891467214, 0.001989121316000819, 0.0064769224263727665, 0.03391328826546669, 0.05706445127725601, 0.09369129687547684, 0.12784402072429657, 0.13528479635715485, 0.1449909806251526, 0.14399641752243042, 0.07207494974136353, 0.026190096512436867, 0.017107056453824043, 0.012370615266263485, 0.009417629800736904, 0.007345628459006548, 0.0058537875302135944, 0.004788625054061413, 0.003926058765500784, 0.0951555073261261]"
Ship,22,0.321144402,16.89464378,0.6782287359,0.034181,"[0.011838359758257866, 0.029899824410676956, 0.05323914811015129, 0.07592777907848358, 0.09331177175045013, 0.10340690612792969, 0.12408989667892456, 0.13354773819446564, 0.11319678276777267, 0.05124421790242195, 0.031723376363515854, 0.02274753898382187, 0.016192391514778137, 0.012968373484909534, 0.010716380551457405, 0.009187381714582443, 0.007837791927158833, 0.006946099456399679, 0.006174905691295862, 0.0054894001223146915, 0.08031394332647324]"
Ship,23,0.3070165813,17.55799103,0.6944517493,0.076589,"[0.00015532717225141823, 0.0008764890371821821, 0.0032655687537044287, 0.010251592844724655, 0.03521488606929779, 0.0897088348865509, 0.1264732927083969, 0.15441370010375977, 0.15539373457431793, 0.1288919597864151, 0.06118041276931763, 0.029264377430081367, 0.016534946858882904, 0.011638442985713482, 0.008927613496780396, 0.0068787746131420135, 0.005218253005295992, 0.00447859987616539, 0.00365388672798872, 0.0031768104527145624, 0.14440248906612396]"
Ship,31,0.294935286,18.10588646,0.7025155425,0.082788,"[6.031302473274991e-05, 0.0002513042709324509, 0.0011258431477472186, 0.0042453669011592865, 0.014488528482615948, 0.03599347174167633, 0.06832795590162277, 0.14019428193569183, 0.13625046610832214, 0.1470264047384262, 0.1556243598461151, 0.09365607798099518, 0.02149154059588909, 0.012712645344436169, 0.009221191518008709, 0.007227510679513216, 0.005723035894334316, 0.004848496988415718, 0.004020868334919214, 0.003551766974851489, 0.1339585781097412]"
Ship,38,0.2883630395,18.65263939,0.710883081,0.098849,"[0.0006243782117962837, 0.0012875933898612857, 0.003026292659342289, 0.005296758841723204, 0.015615430660545826, 0.028673600405454636, 0.05991043522953987, 0.0905408188700676, 0.14815689623355865, 0.1867159754037857, 0.1605757474899292, 0.05948024243116379, 0.017500516027212143, 0.012747473083436489, 0.008935480378568172, 0.0065694148652255535, 0.005237009841948748, 0.004018127918243408, 0.00311292870901525, 0.0027215720620006323, 0.17925330996513367]"
Ship,41,0.2969909608,18.40296745,0.7023647428,0.082647,"[0.0002515988308005035, 0.0013361938763409853, 0.0047905780375003815, 0.01897871308028698, 0.0407148115336895, 0.11309707909822464, 0.15283270180225372, 0.15701808035373688, 0.13894376158714294, 0.10715730488300323, 0.0334184467792511, 0.01700672134757042, 0.01028155256062746, 0.007201166823506355, 0.005528374575078487, 0.004596778657287359, 0.003984781447798014, 0.0031347856856882572, 0.0029001866932958364, 0.002478588605299592, 0.17434780299663544]"
Ship,47,0.3190625012,16.95080948,0.6821708679,0.03731,"[0.009710823185741901, 0.026087937876582146, 0.04618614539504051, 0.07287278771400452, 0.09362608194351196, 0.10529141873121262, 0.1242271214723587, 0.14055322110652924, 0.11349339783191681, 0.05157448351383209, 0.03224411979317665, 0.022127896547317505, 0.016616059467196465, 0.01306410413235426, 0.010833058506250381, 0.009077216498553753, 0.0078100040555000305, 0.007015311159193516, 0.006005836650729179, 0.005248731002211571, 0.0863342359662056]"
Ship,49,0.3174780309,17.02772331,0.6815283298,0.038853,"[0.010995516553521156, 0.04899544268846512, 0.08352125436067581, 0.1024525985121727, 0.11278612166643143, 0.11496584862470627, 0.11369030922651291, 0.11335662007331848, 0.06858877092599869, 0.03603816777467728, 0.025594312697649002, 0.0195126011967659, 0.01501859538257122, 0.012217240408062935, 0.010129007510840893, 0.00850093923509121, 0.007354563567787409, 0.006315829232335091, 0.005468157120049, 0.0049918461591005325, 0.07950624823570251]"
Ship,53,0.3183514476,17.04299927,0.6824675798,0.05165,"[0.0002319620834896341, 0.003516659839078784, 0.019470496103167534, 0.08480934798717499, 0.12066324055194855, 0.11645928770303726, 0.11842093616724014, 0.12116438895463943, 0.12070047110319138, 0.08061398565769196, 0.0330989845097065, 0.02259768918156624, 0.016916049644351006, 0.013264794833958149, 0.01092226430773735, 0.008714328519999981, 0.00766047602519393, 0.006437663920223713, 0.005337991751730442, 0.004636378027498722, 0.08436260372400284]"
Ship,54,0.3241705298,16.74266624,0.6725256443,0.044641,"[0.0001315380650339648, 0.0014944963622838259, 0.011958769522607327, 0.03725605830550194, 0.06307390332221985, 0.08063843846321106, 0.09935042262077332, 0.11850181221961975, 0.13931001722812653, 0.14484860002994537, 0.09164005517959595, 0.03906121104955673, 0.02280646190047264, 0.01617918349802494, 0.011740472167730331, 0.009795388206839561, 0.008314885199069977, 0.007245788816362619, 0.006165497470647097, 0.005443437024950981, 0.08504356443881989]"
Ship,70,0.314743638,17.14722443,0.6828721762,0.039081,"[0.0014154021628201008, 0.024943284690380096, 0.05544647201895714, 0.08586490899324417, 0.11106245219707489, 0.12112847715616226, 0.1175292357802391, 0.1133282259106636, 0.10812994837760925, 0.06698722392320633, 0.030729200690984726, 0.021490946412086487, 0.01526713278144598, 0.012182064354419708, 0.00970722921192646, 0.008209897205233574, 0.0070798359811306, 0.006119283847510815, 0.005449722055345774, 0.00491294264793396, 0.07301610708236694]"
Ship,79,0.3065387011,17.25103569,0.6908131242,0.06532,"[4.46985759481322e-05, 0.0005604514153674245, 0.0027506817132234573, 0.012106437236070633, 0.03945165127515793, 0.06911775469779968, 0.10552646219730377, 0.153549924492836, 0.12761099636554718, 0.1334458887577057, 0.12389757484197617, 0.05536778271198273, 0.023473629727959633, 0.015696076676249504, 0.011717903427779675, 0.008843441493809223, 0.006900772452354431, 0.006030869670212269, 0.0049615418538451195, 0.00429106317460537, 0.0946543961763382]"
Ship,89,0.3184063733,17.09551048,0.6837174892,0.065699,"[0.00014085310976952314, 0.0007537545170634985, 0.0022993318270891905, 0.006719074212014675, 0.01985648274421692, 0.061373889446258545, 0.10438358038663864, 0.1229381188750267, 0.15733292698860168, 0.14589336514472961, 0.12261834740638733, 0.06996592879295349, 0.029407845810055733, 0.014778156764805317, 0.009676989167928696, 0.0070274281315505505, 0.00550469197332859, 0.004149456508457661, 0.0034832593519240618, 0.0028056418523192406, 0.10889087617397308]"
Ship,91,0.3114739954,17.3770752,0.6843006015,0.03859,"[0.0017243461916223168, 0.017993299290537834, 0.06718771159648895, 0.1005849838256836, 0.11674722284078598, 0.1223190501332283, 0.1272309124469757, 0.10464309900999069, 0.09530522674322128, 0.05247460678219795, 0.030409153550863266, 0.022335056215524673, 0.017322096973657608, 0.013659967109560966, 0.01101727969944477, 0.009225532412528992, 0.007989845238626003, 0.006495785899460316, 0.005670121870934963, 0.00497083505615592, 0.0646938756108284]"
Ship,93,0.3164105117,16.72333717,0.682954669,0.071236,"[0.00010953548189718276, 0.00037073547719046474, 0.0013691935455426574, 0.007486328948289156, 0.018052291125059128, 0.023259438574314117, 0.08052121847867966, 0.1198655217885971, 0.16931237280368805, 0.1451892852783203, 0.1407867968082428, 0.09114616364240646, 0.03635314106941223, 0.015549826435744762, 0.010363741777837276, 0.007359941955655813, 0.005582096986472607, 0.004815348424017429, 0.003943277522921562, 0.0033534709364175797, 0.11521026492118835]"
Ship,97,0.3168853819,16.99361229,0.6798396707,0.036526,"[0.013370951637625694, 0.04683755338191986, 0.07970363646745682, 0.10414355993270874, 0.11029750108718872, 0.112115278840065, 0.11522065103054047, 0.11631888896226883, 0.07122878730297089, 0.03640155494213104, 0.02631450816988945, 0.020063189789652824, 0.015643173828721046, 0.012656823731958866, 0.010763304308056831, 0.009183568879961967, 0.007920321077108383, 0.0068626548163592815, 0.006094427313655615, 0.005458745639771223, 0.07340092211961746]"
Ship,98,0.3268792629,16.54141235,0.6737408042,0.033899,"[0.013607755303382874, 0.03640778735280037, 0.06190173700451851, 0.08362845331430435, 0.09718307107686996, 0.10961124300956726, 0.1291833519935608, 0.12972000241279602, 0.08988238871097565, 0.04376957565546036, 0.0291044432669878, 0.02073575370013714, 0.015852689743041992, 0.012675244361162186, 0.010563146322965622, 0.00896645337343216, 0.007906419225037098, 0.006609936710447073, 0.006094531621783972, 0.004928228445351124, 0.08166778832674026]"